#,Keyword,Volume,KD,CPC,Current position,Performance_Score
1,instagantt,1500,10,3.62,2,52.18521739130435
2,goal tracking software,350,58,4.89,4,23.655217391304348
3,visual project management software,600,12,9.34,4,35.96608695652174
4,project management services,2100,31,4.06,11,41.98766798418972
5,project management apps,1400,69,4.06,9,29.865314009661837
6,goal software,200,36,5.5,2,34.50869565217391
7,event planning tools,900,60,4.87,7,26.323416149068322
8,content calendar software,350,28,8.82,4,30.585217391304347
9,task management platform,300,46,5.95,5,23.26304347826087
10,small business workflow management software,200,13,11.81,4,33.11869565217391
11,task management workflow software,200,31,15.29,3,38.13202898550724
12,editorial calendar software,200,21,2.93,4,23.438695652173912
13,task management tool,1100,39,6.34,1,66.78782608695653
14,workflow management tool,500,15,15.38,8,35.40173913043479
15,work management tools,600,51,9.0,1,61.72608695652174
16,goals software,200,14,5.5,4,26.708695652173915
17,program management tools,700,34,6.29,1,62.0204347826087
18,workflow task management software,200,17,15.56,4,36.46869565217391
19,strategic planning software,700,52,7.91,12,25.173768115942032
20,best productivity software for small business,200,41,5.64,6,20.81536231884058
21,ai project management tools,800,48,6.18,13,24.89170568561873
22,task tracking software,600,43,8.39,10,25.916086956521738
23,task manager software,400,46,8.12,8,23.737391304347828
24,team task management app,250,52,5.55,8,18.610869565217392
25,agile management software,200,50,2.38,7,15.702981366459628
26,sales team management software,200,63,11.34,8,22.648695652173913
27,best content calendar tools,200,42,8.23,7,22.35298136645963
28,best workflow management software,400,14,7.42,11,24.87375494071146
29,small business project management software,400,66,11.36,1,59.977391304347826
30,workflow process software,250,37,10.39,9,24.39531400966184
31,agile product management software,200,16,6.46,8,22.468695652173913
32,project management workflow tools,200,23,14.85,9,29.603140096618358
33,project management platforms,800,58,8.12,14,25.61192546583851
34,resource planning tool,600,28,19.45,15,37.142753623188405
35,strategy management software,350,60,6.62,13,18.262140468227425
36,project management applications,500,64,6.47,14,19.44888198757764
37,management app,400,64,2.61,13,14.504314381270902
38,task and project management tools,200,54,8.53,11,19.375059288537553
39,task and project management software,200,48,8.12,11,19.56505928853755
40,managing project software,200,42,5.76,10,18.168695652173913
41,task managing software,200,52,8.12,11,19.16505928853755
42,office management softwares,300,57,7.86,15,18.73971014492754
43,best resource management software,300,61,18.3,14,28.970186335403724
44,digital kanban board,250,29,5.15,12,18.844202898550723
45,change control software,200,10,6.77,12,21.71202898550725
46,software for office management,200,68,6.1,13,14.98561872909699
47,best task management software for individuals,200,35,3.69,12,16.132028985507247
48,productivity tracking apps,200,46,3.41,8,16.418695652173916
49,dance studio software,450,29,8.01,12,24.312898550724636
50,ai project management tool,200,53,9.78,13,20.16561872909699
51,best ai for small business,250,49,6.5,16,17.360869565217392
52,best productivity software,250,23,2.0,17,15.31381074168798
53,dance studio management software,200,23,11.99,9,26.743140096618355
54,project management software for interior designers,200,43,7.8,9,20.553140096618357
55,agency project management software,700,14,18.16,21,37.795196687370606
56,what is the best project management software,800,35,4.99,22,23.74296442687747
57,business workflow tool,200,24,15.83,16,28.538695652173914
58,product roadmap tools,300,17,11.75,20,25.96304347826087
59,simple project management,300,43,4.26,19,15.978306636155605
60,social media calendar tool,200,57,8.43,16,17.838695652173914
61,social media calendar tools,300,54,8.43,18,19.165265700483094
62,top project management tools,400,55,7.0,21,18.62215320910973
63,best kanban software,500,10,8.48,23,25.740869565217395
64,nonprofit discount,400,51,4.12,22,16.055573122529644
65,best okr software,250,26,12.59,21,25.155631469979294
66,pmo tools,350,69,7.14,21,16.709979296066255
67,collaboration tool,600,60,2.06,21,15.790848861283646
68,project management tools and software,200,67,5.49,20,13.398695652173915
69,kanban tools,300,70,6.24,21,15.057805383022774
70,ai task management,250,24,5.08,21,17.8456314699793
71,marketing promos,200,43,3.78,21,13.993457556935818
72,task list software,250,69,13.17,22,21.34905138339921
73,ai task manager,800,22,4.88,27,24.596264090177137
74,kanban app,350,59,3.25,22,13.733399209486166
75,content planner,1400,67,4.09,31,26.94119214586255
76,work collaboration tools,250,65,5.77,23,14.27
77,employee training tracking software,350,17,15.13,25,29.595217391304352
78,best social media calendar,200,49,4.6,23,14.047826086956523
79,project app,300,45,4.15,23,15.302173913043479
80,top 10 project management tools,400,47,4.64,28,16.585962732919253
81,inventory tracking,700,25,12.23,29,30.239745127436287
82,personal project management,200,42,3.33,25,13.338695652173913
83,small business inventory control,200,52,14.64,25,23.648695652173913
84,best workflow tools,200,12,9.01,26,21.957157190635456
85,requirements management software,2000,24,6.16,35,40.98981366459628
86,workflow software,1700,22,6.37,9,40.7883574879227
87,top 10 project management software,250,69,3.76,27,11.602351046698873
88,human resources app,250,44,10.12,27,20.462351046698874
89,enterprise project management tool,200,12,6.31,28,19.147267080745344
90,what is the best event management software,200,41,6.36,27,16.350177133655393
91,easy project management software,200,53,11.9,27,20.69017713365539
92,best ai productivity apps,400,44,2.94,31,15.047713884992985
93,team building companies,500,47,2.25,32,15.321739130434784
94,project portfolio management system,200,16,7.96,28,20.39726708074534
95,project management training courses,800,38,5.65,34,23.461253196930947
96,simple project management software,600,52,10.44,33,24.27820816864295
97,mbo business,200,39,3.87,23,14.317826086956522
98,employee timesheet,600,44,4.47,34,19.072557544757036
99,grant management tools,250,11,19.25,30,32.744202898550725
100,software for managing business,400,39,3.75,34,16.24386189258312
101,rca software,250,10,6.56,31,20.111192145862553
102,product demo software,200,61,10.35,30,18.192028985507246
103,personal task management,250,56,3.16,32,12.070869565217393
104,retro board,200,55,2.87,31,11.269018232819075
105,kpi tracker,500,28,5.51,36,20.342850241545896
106,best work order software,300,13,15.48,34,29.269514066496168
107,project and portfolio management software,450,24,10.72,36,25.30067632850242
108,simple crm free,200,62,6.52,31,14.219018232819074
109,project controls software,200,66,7.99,33,15.210816864295126
110,project management courses online,1000,28,4.26,41,25.47908801696713
111,management certification online,200,39,4.34,33,14.260816864295126
112,best reporting software,200,10,5.86,34,18.64516624040921
113,project management software list,250,69,3.78,34,11.317340153452685
114,business management app,500,11,3.23,38,19.70437070938215
115,design project management software,200,30,11.36,35,22.111552795031052
116,value stream mapping software,400,12,5.96,39,21.00303232998885
117,small business inventory programs,200,48,16.19,35,25.141552795031057
118,social media planner,1900,39,4.25,47,35.9836725254394
119,requirement management software,200,13,5.23,36,17.649806763285024
120,best okr tools,200,14,18.73,10,33.93869565217392
121,fireflies ai notetaker,200,37,2.2,36,12.219806763285025
122,best database software for small business,450,27,6.96,39,21.15520624303233
123,fireflies note taker,900,31,2.2,44,21.74822134387352
124,incident management tools,300,14,9.63,40,23.14304347826087
125,application integration software,200,19,6.18,39,17.91433667781494
126,requirements management tool,250,26,3.72,39,15.406510590858419
127,product promotion examples,350,12,2.51,39,16.900858416945375
128,business plan app,250,31,4.44,39,15.626510590858416
129,project management course online,300,42,4.26,42,14.92542443064182
130,simple inventory management,600,39,10.8,48,25.559420289855073
131,okr app,350,26,10.08,43,22.97544994944388
132,inventory accounting software,400,66,14.81,45,24.316280193236718
133,business strategy software,250,65,6.62,44,14.289960474308302
134,small business software inventory,200,48,10.23,42,18.99107660455487
135,personal project management software,200,66,5.05,45,11.947584541062803
136,inventory management apps,350,41,8.22,48,19.51855072463768
137,best event management software,800,60,15.0,9,33.879227053140106
138,best subscription management software,200,37,14.65,46,24.428260869565218
139,project management scheduling tool,200,35,8.17,47,18.12975948196115
140,best work schedule app,200,46,4.9,48,13.742028985507249
141,employee onboarding software,1300,28,11.31,57,36.16827612509535
142,employee vacation tracking,200,26,6.05,49,16.87502218278616
143,business productivity software,200,20,7.02,48,18.46202898550725
144,equipment inventory software,400,49,19.76,52,30.846622073578594
145,work schedule maker,1500,70,4.03,60,27.261884057971013
146,best ai for business plan,350,66,5.65,53,14.369934372436424
147,firefly notetaker,500,31,2.2,54,16.362479871175523
148,inventory tracker,1500,48,8.72,57,34.18697177726926
149,project management software crm,200,10,6.7,50,19.108695652173914
150,client management app,600,12,8.94,57,26.267841342486655
151,inventory tracking software for small business,250,70,5.31,54,12.311610305958132
152,best construction software for small business,200,55,15.25,53,23.113412633305987
153,best website design companies for small business,500,10,7.42,57,23.643493516399694
154,inventory management small business software,200,48,5.31,55,13.845968379446639
155,content collaboration software,250,50,8.08,55,17.06814229249012
156,team communication apps,500,40,4.37,59,17.5697052321297
157,website management company,200,18,8.63,56,20.152981366459628
158,project tracking tool,250,55,7.25,57,15.712623951182303
159,inventory apps,600,55,4.67,59,17.674053058216654
160,marketing collaboration software,200,22,11.17,56,22.292981366459628
161,okr certification,200,16,2.2,3,26.542028985507248
162,best it management software,200,35,17.24,57,27.050450038138823
163,value stream mapping tools,250,10,5.51,58,18.460524737631186
164,agile software development services,400,31,8.06,62,20.822552594670405
165,product development solutions,250,16,2.6,58,14.950524737631184
166,best marketing apps,200,63,7.45,58,14.448350824587704
167,knowledge base tool,250,36,20.0,58,30.350524737631186
168,content collaboration tools,350,46,5.63,61,16.25095509622238
169,best business process management software,400,15,5.63,62,19.992552594670407
170,marketing project management tools,400,22,14.11,63,27.762311939268464
171,software for event planners,200,69,11.21,60,17.58536231884058
172,best website platform for small business,200,40,4.63,61,13.894433357091945
173,website management services,1500,21,5.4,72,33.420772946859906
174,job tracking app,300,42,4.07,63,14.417964113181503
175,lead magic,200,24,12.0,62,22.853856942496495
176,top event management software,300,48,5.31,65,15.038428093645484
177,project management accounting software,250,46,9.96,66,19.226930171278
178,event planners software,400,69,17.41,69,26.30710144927536
179,work schedule app,1700,66,2.95,73,29.071858248957717
180,social media planners,200,68,3.65,66,10.06475625823452
181,unlimited starter,200,22,2.37,67,13.37571057754705
182,kpi tools,250,51,5.51,69,14.250579710144928
183,best virtual assistant companies,600,59,13.77,73,26.24403216200119
184,power automate premium,1000,24,3.06,76,24.22979405034325
185,monday project management software,500,37,6.02,74,19.382279670975322
186,top project management software,600,60,4.58,6,23.072753623188405
187,web collaboration tools,200,38,2.77,70,12.150124223602484
188,company calendar,300,59,6.1,70,14.68447204968944
189,planning and scheduling software,200,18,8.67,70,20.050124223602484
190,us mobile unlimited starter,800,12,4.71,78,24.457603121516165
191,power automate premium license,1100,38,2.46,79,23.514155200880573
192,schedule apps for work,200,64,5.72,73,12.476640857653365
193,product roadmap tool,200,38,9.82,72,19.18425120772947
194,marketing plan software,450,70,3.01,77,12.399045736871823
195,project management online courses,250,37,6.93,76,17.017185354691076
196,event scheduling software,300,63,12.39,75,20.536376811594202
197,coursera sale,350,15,6.18,76,19.771533180778032
198,production manager software,200,11,3.93,75,15.972028985507247
199,small business software,1200,54,7.75,80,28.502173913043478
200,team communication app,450,69,5.85,78,15.332385730211817
201,event management platforms,450,48,13.33,80,24.899565217391306
202,microsoft 365 enterprise plans,250,57,2.43,76,10.517185354691076
203,best review management software,200,15,19.3,77,30.928176171654435
204,studio management software,300,70,6.5,80,13.91304347826087
205,rank tracking software that does daily,300,61,9.79,79,18.10937259218492
206,office communication apps,200,61,9.02,78,16.041516164994427
207,email management systems,200,27,7.26,78,17.681516164994427
208,microsoft planner pricing,200,38,2.56,78,11.881516164994425
209,innovation management tools,200,20,6.33,79,17.445024766097966
210,mac management software,250,48,13.77,82,22.718674443266174
211,event management systems,350,65,16.72,84,25.261407867494825
212,promotion ideas,350,19,2.26,83,15.407145102147723
213,moving company software,300,47,9.08,86,18.75815975733064
214,employee productivity software,250,54,16.99,85,25.32145780051151
215,ai scheduling software,200,57,4.16,84,11.54488612836439
216,business calendar,1000,56,2.98,88,20.87802371541502
217,product management certificate,450,39,4.65,88,17.074110671936758
218,data workflow tools,200,31,8.64,85,18.61928388746803
219,pmi training,350,42,2.15,87,12.974987506246876
220,ai project management software,450,55,7.67,90,18.484009661835753
221,scheduling and planning software,200,43,8.67,89,17.4281338544211
222,calendar ai,200,48,2.44,89,10.698133854421105
223,ai scheduling tools,200,38,3.15,89,12.408133854421104
224,business plan writing services,1100,47,5.25,98,25.305989352262642
225,management software small business,200,13,3.58,91,15.328256091734355
226,advertising apps,350,24,8.11,89,20.724655593551542
227,contact management app,300,26,3.47,93,15.213151005142588
228,back office software,250,42,8.02,91,17.52043000477783
229,business process management platform,400,19,7.63,98,21.35555456965395
230,product roadmap software,600,35,6.46,98,21.194250221827858
231,project management software client portal,200,54,19.58,94,27.214227567067528
232,google workspace starter plan,200,22,3.1,94,13.93422756706753
233,product management tool,450,62,2.57,97,12.651936351411925
234,workforce management tool,250,30,10.0,96,20.67753623188406
235,best scheduling app for small business,500,15,10.0,100,25.421739130434784
236,scheduling apps for small business,200,64,10.05,98,16.666858917480038
237,tracking productivity,200,15,4.62,98,16.136858917480033
238,construction project management app,200,62,14.92,99,21.732736056214318
239,event vendor management software,200,69,16.73,100,22.83869565217391
240,time manager app,400,48,2.14,102,12.949548167092923
241,best sie exam prep,500,10,2.53,106,18.42909762100082
242,enterprise event management software,250,65,19.79,104,26.935484949832773
243,business team,600,23,7.08,53,23.360803937653817
244,teamwork project management,600,38,4.12,10,22.146086956521742
245,timedoctor,2000,12,5.93,10,44.81695652173913
246,project management software reviews,350,55,5.74,52,15.574448160535118
247,project management academy,1200,35,2.49,16,27.14217391304348
248,team planner,800,43,7.54,31,24.965105189340814
249,engagebay,1100,12,15.0,40,39.14782608695653
250,iphone forever plan,600,15,2.74,81,19.559914117015566
251,monday project management,2300,37,6.26,72,43.11555555555555
252,teamwork pricing,300,12,4.0,100,17.11304347826087
253,slack enterprise,1700,60,4.05,101,30.61995264743865
254,punch list software,350,24,9.79,10,25.95521739130435
255,commercial construction scheduling software,200,27,20.0,3,43.24202898550725
256,inventorying software,200,67,6.17,1,52.07869565217392
257,inventory control software,1800,43,18.16,1,87.33826086956522
258,click up reviews,350,13,3.02,3,29.618550724637682
